{
    "author" : "CodeEdit",
    "distributionURL" : "https:\/\/github.com\/CodeEditApp\/CodeEdit",
    "version" : "0.0.1",
    "license" : "MIT",
    "type" : "dark",
    "name" : "codeedit-xcode-dark",
    "displayName" : "Xcode Dark",
    "description" : "Xcode dark theme.",
    "editor" : {
        "strings" : {
            "color" : "#FC6A5D"
        },
        "comments" : {
            "color" : "#73A74E"
        },
        "numbers" : {
            "color" : "#D0BF69"
        },
        "commands" : {
            "color" : "#67B7A4"
        },
        "lineHighlight" : {
            "color" : "#23252B"
        },
        "values" : {
            "color" : "#A167E6"
        },
        "background" : {
            "color" : "#1F1F24"
        },
        "keywords" : {
            "color" : "#FF7AB3"
        },
        "text" : {
            "color" : "#D9D9D9"
        },
        "insertionPoint" : {
            "color" : "#D9D9D9"
        },
        "selection" : {
            "color" : "#515B70"
        },
        "types" : {
            "color" : "#5DD8FF"
        },
        "variables" : {
            "color" : "#41A1C0"
        },
        "attributes" : {
            "color" : "#D0A8FF"
        },
        "characters" : {
            "color" : "#D0BF69"
        },
        "invisibles" : {
            "color" : "#424D5B"
        }
    },
    "terminal" : {
        "white" : {
            "color" : "#d9d9d9"
        },
        "brightMagenta" : {
            "color" : "#af52de"
        },
        "brightRed" : {
            "color" : "#ff3b30"
        },
        "blue" : {
            "color" : "#007aff"
        },
        "red" : {
            "color" : "#ff3b30"
        },
        "green" : {
            "color" : "#28cd41"
        },
        "boldText" : {
            "color" : "#d9d9d9"
        },
        "brightGreen" : {
            "color" : "#28cd41"
        },
        "background" : {
            "color" : "#1f2024"
        },
        "cursor" : {
            "color" : "#d9d9d9"
        },
        "selection" : {
            "color" : "#515b70"
        },
        "magenta" : {
            "color" : "#af52de"
        },
        "black" : {
            "color" : "#1f2024"
        },
        "text" : {
            "color" : "#d9d9d9"
        },
        "brightWhite" : {
            "color" : "#ffffff"
        },
        "brightBlue" : {
            "color" : "#007aff"
        },
        "brightYellow" : {
            "color" : "#ffff00"
        },
        "cyan" : {
            "color" : "#59adc4"
        },
        "yellow" : {
            "color" : "#ffcc00"
        },
        "brightCyan" : {
            "color" : "#55bef0"
        },
        "brightBlack" : {
            "color" : "#8e8e93"
        }
    }
}

